x,y,yaw,kappa,mode
0.000000000000,0.100000000000,0.000000000000,0.000000000000,0
0.200000000000,0.100000000000,0.000000000000,0.000000000000,0
0.400000000000,0.100000000000,0.000000000000,0.000000000000,0
0.600000000000,0.100000000000,0.000000000000,0.000000000000,0
0.800000000000,0.100000000000,0.000000000000,0.000000000000,0
1.000000000000,0.100000000000,0.000000000000,0.000000000000,0
1.200000000000,0.100000000000,0.000000000000,0.000000000000,0
1.400000000000,0.100000000000,0.000000000000,0.000000000000,0
1.600000000000,0.100000000000,0.000000000000,0.000000000000,0
1.800000000000,0.100000000000,0.000000000000,0.000000000000,0
2.000000000000,0.100000000000,0.000000000000,0.000000000000,0
2.200000000000,0.100000000000,0.000000000000,0.000000000000,0
2.400000000000,0.100000000000,0.000000000000,0.000000000000,0
2.600000000000,0.100000000000,0.000000000000,0.000000000000,0
2.800000000000,0.100000000000,0.000000000000,0.000000000000,0
3.000000000000,0.100000000000,0.000000000000,0.000000000000,0
3.200000000000,0.100000000000,0.000000000000,0.000000000000,0
3.400000000000,0.100000000000,0.000000000000,0.000000000000,0
3.600000000000,0.100000000000,0.000000000000,0.000000000000,0
3.800000000000,0.100000000000,0.000000000000,0.000000000000,0
4.000000000000,0.100000000000,0.000000000000,0.000000000000,0
4.200000000000,0.100000000000,0.000000000000,0.000000000000,0
4.400000000000,0.100000000000,0.000000000000,0.000000000000,0
4.600000000000,0.100000000000,0.000000000000,0.000000000000,0
4.800000000000,0.100000000000,0.000000000000,0.000000000000,0
5.000000000000,0.100000000000,0.000000000000,0.000000000000,0
5.200000000000,0.100000000000,0.000000000000,0.000000000000,0
5.400000000000,0.100000000000,0.000000000000,0.000000000000,0
5.600000000000,0.100000000000,0.000000000000,0.000000000000,0
5.800000000000,0.100000000000,0.000000000000,0.000000000000,0
6.000000000000,0.100000000000,0.000000000000,0.000000000000,0
6.200000000000,0.100000000000,0.000000000000,0.000000000000,0
6.400000000000,0.100000000000,0.000000000000,0.000000000000,0
6.600000000000,0.100000000000,0.000000000000,0.000000000000,0
6.800000000000,0.100000000000,0.000000000000,0.000000000000,0
7.000000000000,0.100000000000,0.000000000000,0.000000000000,0
7.200000000000,0.100000000000,0.000000000000,0.000000000000,0
7.400000000000,0.100000000000,0.000000000000,0.000000000000,0
7.600000000000,0.100000000000,0.000000000000,0.000000000000,0
7.800000000000,0.100000000000,0.000000000000,0.000000000000,0
8.000000000000,0.100000000000,0.000000000000,0.000000000000,0
8.200000000000,0.100000000000,0.000000000000,0.000000000000,0
8.400000000000,0.100000000000,0.000000000000,0.000000000000,0
8.600000000000,0.100000000000,0.000000000000,0.000000000000,0
8.800000000000,0.100000000000,0.000000000000,0.000000000000,0
9.000000000000,0.100000000000,0.000000000000,0.000000000000,0
9.200000000000,0.100000000000,0.000000000000,0.000000000000,0
9.400000000000,0.100000000000,0.000000000000,0.000000000000,0
9.600000000000,0.100000000000,0.000000000000,0.000000000000,0
9.800000000000,0.100000000000,0.000000000000,0.000000000000,0
10.000000000000,0.100000000000,0.000000000000,0.000000000000,0
10.200000000000,0.100000000000,0.000000000000,0.000000000000,0
10.400000000000,0.100000000000,0.000000000000,0.000000000000,0
10.600000000000,0.100000000000,0.000000000000,0.000000000000,0
10.800000000000,0.100000000000,0.000000000000,0.000000000000,0
11.000000000000,0.100000000000,0.000000000000,0.000000000000,0
11.200000000000,0.100000000000,0.000000000000,0.000000000000,0
11.400000000000,0.100000000000,0.000000000000,0.000000000000,0
11.600000000000,0.100000000000,0.000000000000,0.000000000000,0
11.800000000000,0.100000000000,0.000000000000,0.000055590868,0
12.000000000000,0.100000000000,0.000022236347,0.000434417023,0
12.200000000000,0.100008895000,0.000173766808,0.001320616004,0
12.400000000000,0.100069507000,0.000550482717,0.002444645031,0
12.600000000000,0.100229088000,0.001151624757,0.003508596737,0
12.800000000000,0.100530157000,0.001953921773,0.004458124771,0
13.000000000000,0.101010657000,0.002934876960,0.005297095794,0
13.200000000000,0.101704111000,0.004072767434,0.006029373833,0
13.400000000000,0.102639773000,0.005346643980,0.006658821960,0
13.600000000000,0.103842789000,0.006736331056,0.007189304129,0
13.800000000000,0.105334347000,0.008222427024,0.007624686930,0
14.000000000000,0.107131834000,0.009786304609,0.007968841083,0
14.200000000000,0.109248993000,0.011410111529,0.008225642555,0
14.400000000000,0.111696077000,0.013076771243,0.008398973251,0
14.600000000000,0.114480000000,0.014769983768,0.008492721240,0
14.800000000000,0.117604500000,0.016474226490,0.008510780559,0
15.000000000000,0.121070287000,0.018174754926,0.008457050609,0
15.200000000000,0.124875202000,0.019857603377,0.008335435230,0
15.400000000000,0.129014372000,0.021509585448,0.008149841499,0
15.600000000000,0.133480364000,0.023118294387,0.007904178355,0
15.800000000000,0.138263338000,0.024672103237,0.007602355122,0
16.000000000000,0.143351208000,0.026160164783,0.007248280006,0
16.200000000000,0.148729792000,0.027572411313,0.006845858656,0
16.400000000000,0.154382968000,0.028899554179,0.006398992836,0
16.600000000000,0.160292832000,0.030133083208,0.005911579290,0
16.800000000000,0.166439851000,0.031265265962,0.005387508826,0
17.000000000000,0.172803015000,0.032289146903,0.004830665668,0
17.200000000000,0.179360000000,0.033198546485,0.004244927089,0
17.400000000000,0.186087315000,0.033988060220,0.003634163344,0
17.600000000000,0.192960462000,0.034653057750,0.003002237895,0
17.800000000000,0.199954089000,0.035189681974,0.002353007913,0
18.000000000000,0.207042147000,0.035594848253,0.001690325039,0
18.200000000000,0.214198044000,0.035866243736,0.001018036368,0
18.400000000000,0.221394800000,0.036002326830,0.000339985610,0
18.600000000000,0.228605200000,0.036002326830,-0.000339985610,0
18.800000000000,0.235801956000,0.035866243736,-0.001018036368,0
19.000000000000,0.242957853000,0.035594848253,-0.001690325039,0
19.200000000000,0.250045911000,0.035189681974,-0.002353007913,0
19.400000000000,0.257039538000,0.034653057750,-0.003002237895,0
19.600000000000,0.263912685000,0.033988060220,-0.003634163344,0
19.800000000000,0.270640000000,0.033198546485,-0.004244927089,0
20.000000000000,0.277196985000,0.032289146903,-0.004830665668,0
20.200000000000,0.283560149000,0.031265265962,-0.005387508826,0
20.400000000000,0.289707168000,0.030133083208,-0.005911579290,0
20.600000000000,0.295617032000,0.028899554179,-0.006398992836,0
20.800000000000,0.301270208000,0.027572411313,-0.006845858656,0
21.000000000000,0.306648792000,0.026160164783,-0.007248280006,0
21.200000000000,0.311736662000,0.024672103237,-0.007602355122,0
21.400000000000,0.316519636000,0.023118294387,-0.007904178355,0
21.600000000000,0.320985628000,0.021509585448,-0.008149841499,0
21.800000000000,0.325124798000,0.019857603377,-0.008335435230,0
22.000000000000,0.328929713000,0.018174754926,-0.008457050609,0
22.200000000000,0.332395500000,0.016474226490,-0.008510780559,0
22.400000000000,0.335520000000,0.014769983768,-0.008492721240,0
22.600000000000,0.338303923000,0.013076771243,-0.008398973251,0
22.800000000000,0.340751007000,0.011410111529,-0.008225642555,0
23.000000000000,0.342868166000,0.009786304609,-0.007968841083,0
23.200000000000,0.344665653000,0.008222427024,-0.007624686930,0
23.400000000000,0.346157211000,0.006736331056,-0.007189304129,0
23.600000000000,0.347360227000,0.005346643980,-0.006658821960,0
23.800000000000,0.348295889000,0.004072767434,-0.006029373833,0
24.000000000000,0.348989343000,0.002934876960,-0.005297095794,0
24.200000000000,0.349469843000,0.001953921773,-0.004458124771,0
24.400000000000,0.349770912000,0.001151624757,-0.003508596737,0
24.600000000000,0.349930493000,0.000550482717,-0.002444645031,0
24.800000000000,0.349991105000,0.000173766808,0.002605728703,0
25.000000000000,0.350000000000,0.001592772954,0.007414369703,0
25.200000000000,0.350628215000,0.003139515661,0.003855201529,0
25.400000000000,0.351255810000,0.003134867443,-0.000030975230,0
25.600000000000,0.351882166000,0.003127125508,-0.000046424634,0
25.800000000000,0.352506665000,0.003116297498,-0.000061828226,0
26.000000000000,0.353128689000,0.003102394098,-0.000077170807,0
26.200000000000,0.353747626000,0.003085429027,-0.000092437235,0
26.400000000000,0.354362865000,0.003065419027,-0.000107612447,0
26.600000000000,0.354973798000,0.003042383845,-0.000122681468,0
26.800000000000,0.355579822000,0.003016346213,-0.000137629426,0
27.000000000000,0.356180340000,0.002987331824,-0.000152441572,0
27.200000000000,0.356774758000,0.002955369311,-0.000167103288,0
27.400000000000,0.357362491000,0.002920490216,-0.000181600105,0
27.600000000000,0.357942958000,0.002882728959,-0.000195917718,0
27.800000000000,0.358515586000,0.002842122803,-0.000210041998,0
28.000000000000,0.359079810000,0.002798711820,-0.000223959005,0
28.200000000000,0.359635073000,0.002752538849,-0.000237655007,0
28.400000000000,0.360180828000,0.002703649456,-0.000251116485,0
28.600000000000,0.360716536000,0.002652091887,-0.000264330157,0
28.800000000000,0.361241668000,0.002597917021,-0.000277282980,0
29.000000000000,0.361755705000,0.002541178320,-0.000289962173,0
29.200000000000,0.362258141000,0.002481931777,-0.000302355223,0
29.400000000000,0.362748480000,0.002420235858,-0.000314449897,0
29.600000000000,0.363226237000,0.002356151449,-0.000326234259,0
29.800000000000,0.363690942000,0.002289741791,-0.000337696680,0
30.000000000000,0.364142136000,0.002221072422,-0.000348825846,0
30.200000000000,0.364579373000,0.002150211108,-0.000359610773,0
30.400000000000,0.365002221000,0.002077227780,-0.000370040817,0
30.600000000000,0.365410265000,0.002002194462,-0.000380105684,0
30.800000000000,0.365803100000,0.001925185201,-0.000389795439,0
31.000000000000,0.366180340000,0.001846275997,-0.000399100518,0
31.200000000000,0.366541611000,0.001765544722,-0.000408011738,0
31.400000000000,0.366886559000,0.001683071047,-0.000416520303,0
31.600000000000,0.367214841000,0.001598936364,-0.000424617815,0
31.800000000000,0.367526134000,0.001513223704,-0.000432296280,0
32.000000000000,0.367820130000,0.001426017654,-0.000439548120,0
32.200000000000,0.368096541000,0.001337404277,-0.000446366177,0
32.400000000000,0.368355093000,0.001247471024,-0.000452743721,0
32.600000000000,0.368595530000,0.001156306648,-0.000458674457,0
32.800000000000,0.368817615000,0.001064001119,-0.000464152530,0
33.000000000000,0.369021130000,0.000970645531,-0.000469172534,0
33.200000000000,0.369205874000,0.000876332017,-0.000473729512,0
33.400000000000,0.369371663000,0.000781153654,-0.000477818967,0
33.600000000000,0.369518335000,0.000685204373,-0.000481436862,0
33.800000000000,0.369645745000,0.000588578865,-0.000484579625,0
34.000000000000,0.369753767000,0.000491372490,-0.000487244155,0
34.200000000000,0.369842294000,0.000393681180,-0.000489427820,0
34.400000000000,0.369911239000,0.000295601347,-0.000491128466,0
34.600000000000,0.369960535000,0.000197229786,-0.000492344414,0
34.800000000000,0.369990131000,0.000098663578,-0.000493074463,0
35.000000000000,0.370000000000,0.000000000000,-0.000493317893,0
35.200000000000,0.369990131000,-0.000098663578,-0.000493074463,0
35.400000000000,0.369960535000,-0.000197229786,-0.000492344414,0
35.600000000000,0.369911239000,-0.000295601347,-0.000491128466,0
35.800000000000,0.369842294000,-0.000393681180,-0.000489427820,0
36.000000000000,0.369753767000,-0.000491372490,-0.000487244155,0
36.200000000000,0.369645745000,-0.000588578865,-0.000484579625,0
36.400000000000,0.369518335000,-0.000685204373,-0.000481436862,0
36.600000000000,0.369371663000,-0.000781153654,-0.000477818967,0
36.800000000000,0.369205874000,-0.000876332017,-0.000473729512,0
37.000000000000,0.369021130000,-0.000970645531,-0.000469172534,0
37.200000000000,0.368817615000,-0.001064001119,-0.000464152530,0
37.400000000000,0.368595530000,-0.001156306648,-0.000458674457,0
37.600000000000,0.368355093000,-0.001247471024,-0.000452743721,0
37.800000000000,0.368096541000,-0.001337404277,-0.000446366177,0
38.000000000000,0.367820130000,-0.001426017654,-0.000439548120,0
38.200000000000,0.367526134000,-0.001513223704,-0.000432296280,0
38.400000000000,0.367214841000,-0.001598936364,-0.000424617815,0
38.600000000000,0.366886559000,-0.001683071047,-0.000416520303,0
38.800000000000,0.366541611000,-0.001765544722,-0.000408011738,0
39.000000000000,0.366180340000,-0.001846275997,-0.000399100518,0
39.200000000000,0.365803100000,-0.001925185201,-0.000389795439,0
39.400000000000,0.365410265000,-0.002002194462,-0.000380105684,0
39.600000000000,0.365002221000,-0.002077227780,-0.000370040817,0
39.800000000000,0.364579373000,-0.002150211108,-0.000359610773,0
40.000000000000,0.364142136000,-0.002221072422,-0.000348825846,0
40.200000000000,0.363690942000,-0.002289741791,-0.000337696680,0
40.400000000000,0.363226237000,-0.002356151449,-0.000326234259,0
40.600000000000,0.362748480000,-0.002420235858,-0.000314449897,0
40.800000000000,0.362258141000,-0.002481931777,-0.000302355222,0
41.000000000000,0.361755705000,-0.002541178320,-0.000289962173,0
41.200000000000,0.361241668000,-0.002597917021,-0.000277282980,0
41.400000000000,0.360716536000,-0.002652091887,-0.000264330157,0
41.600000000000,0.360180828000,-0.002703649456,-0.000251116485,0
41.800000000000,0.359635073000,-0.002752538849,-0.000237655007,0
42.000000000000,0.359079810000,-0.002798711820,-0.000223959005,0
42.200000000000,0.358515586000,-0.002842122803,-0.000210041998,0
42.400000000000,0.357942958000,-0.002882728959,-0.000195917718,0
42.600000000000,0.357362491000,-0.002920490216,-0.000181600105,0
42.800000000000,0.356774758000,-0.002955369311,-0.000167103288,0
43.000000000000,0.356180340000,-0.002987331824,-0.000152441572,0
43.200000000000,0.355579822000,-0.003016346213,-0.000137629426,0
43.400000000000,0.354973798000,-0.003042383845,-0.000122681468,0
43.600000000000,0.354362865000,-0.003065419027,-0.000107612447,0
43.800000000000,0.353747626000,-0.003085429027,-0.000092437235,0
44.000000000000,0.353128689000,-0.003102394098,-0.000077170807,0
44.200000000000,0.352506665000,-0.003116297498,-0.000061828226,0
44.400000000000,0.351882166000,-0.003127125508,-0.000046424634,0
44.600000000000,0.351255810000,-0.003134867443,-0.000030975230,0
44.800000000000,0.350628215000,-0.003139515661,-0.000015495260,0
45.000000000000,0.350000000000,-0.003141065578,0.000000000000,0
45.200000000000,0.349371785000,-0.003139515661,0.000015495260,0
45.400000000000,0.348744190000,-0.003134867443,0.000030975230,0
45.600000000000,0.348117834000,-0.003127125508,0.000046424634,0
45.800000000000,0.347493335000,-0.003116297498,0.000061828226,0
46.000000000000,0.346871311000,-0.003102394098,0.000077170807,0
46.200000000000,0.346252374000,-0.003085429027,0.000092437235,0
46.400000000000,0.345637135000,-0.003065419027,0.000107612447,0
46.600000000000,0.345026202000,-0.003042383845,0.000122681468,0
46.800000000000,0.344420178000,-0.003016346213,0.000137629426,0
47.000000000000,0.343819660000,-0.002987331824,0.000152441572,0
47.200000000000,0.343225242000,-0.002955369311,0.000167103288,0
47.400000000000,0.342637509000,-0.002920490216,0.000181600105,0
47.600000000000,0.342057042000,-0.002882728959,0.000195917718,0
47.800000000000,0.341484414000,-0.002842122803,0.000210041998,0
48.000000000000,0.340920190000,-0.002798711820,0.000223959005,0
48.200000000000,0.340364927000,-0.002752538849,0.000237655007,0
48.400000000000,0.339819172000,-0.002703649456,0.000251116485,0
48.600000000000,0.339283464000,-0.002652091887,0.000264330157,0
48.800000000000,0.338758332000,-0.002597917021,0.000277282980,0
49.000000000000,0.338244295000,-0.002541178320,0.000289962173,0
49.200000000000,0.337741859000,-0.002481931777,0.000302355223,0
49.400000000000,0.337251520000,-0.002420235858,0.000314449897,0
49.600000000000,0.336773763000,-0.002356151449,0.000326234259,0
49.800000000000,0.336309058000,-0.002289741791,0.000337696680,0
50.000000000000,0.335857864000,-0.002221072422,0.000348825846,0
50.200000000000,0.335420627000,-0.002150211108,0.000359610773,0
50.400000000000,0.334997779000,-0.002077227780,0.000370040817,0
50.600000000000,0.334589735000,-0.002002194462,0.000380105684,0
50.800000000000,0.334196900000,-0.001925185201,0.000389795439,0
51.000000000000,0.333819660000,-0.001846275997,0.000399100518,0
51.200000000000,0.333458389000,-0.001765544722,0.000408011738,0
51.400000000000,0.333113441000,-0.001683071047,0.000416520303,0
51.600000000000,0.332785159000,-0.001598936364,0.000424617815,0
51.800000000000,0.332473866000,-0.001513223704,0.000432296280,0
52.000000000000,0.332179870000,-0.001426017654,0.000439548120,0
52.200000000000,0.331903459000,-0.001337404277,0.000446366177,0
52.400000000000,0.331644907000,-0.001247471024,0.000452743721,0
52.600000000000,0.331404470000,-0.001156306648,0.000458674457,0
52.800000000000,0.331182385000,-0.001064001119,0.000464152530,0
53.000000000000,0.330978870000,-0.000970645531,0.000469172534,0
53.200000000000,0.330794126000,-0.000876332017,0.000473729512,0
53.400000000000,0.330628337000,-0.000781153654,0.000477818967,0
53.600000000000,0.330481665000,-0.000685204373,0.000481436862,0
53.800000000000,0.330354255000,-0.000588578865,0.000484579625,0
54.000000000000,0.330246233000,-0.000491372490,0.000487244155,0
54.200000000000,0.330157706000,-0.000393681180,0.000489427820,0
54.400000000000,0.330088761000,-0.000295601347,0.000491128466,0
54.600000000000,0.330039465000,-0.000197229786,0.000492344414,0
54.800000000000,0.330009869000,-0.000098663578,0.000493074463,0
55.000000000000,0.330000000000,0.000000000000,0.000493317893,0
55.200000000000,0.330009869000,0.000098663578,0.000493074463,0
55.400000000000,0.330039465000,0.000197229786,0.000492344414,0
55.600000000000,0.330088761000,0.000295601347,0.000491128466,0
55.800000000000,0.330157706000,0.000393681180,0.000489427820,0
56.000000000000,0.330246233000,0.000491372490,0.000487244155,0
56.200000000000,0.330354255000,0.000588578865,0.000484579625,0
56.400000000000,0.330481665000,0.000685204373,0.000481436862,0
56.600000000000,0.330628337000,0.000781153654,0.000477818967,0
56.800000000000,0.330794126000,0.000876332017,0.000473729512,0
57.000000000000,0.330978870000,0.000970645531,0.000469172534,0
57.200000000000,0.331182385000,0.001064001119,0.000464152530,0
57.400000000000,0.331404470000,0.001156306648,0.000458674457,0
57.600000000000,0.331644907000,0.001247471024,0.000452743721,0
57.800000000000,0.331903459000,0.001337404277,0.000446366177,0
58.000000000000,0.332179870000,0.001426017654,0.000439548120,0
58.200000000000,0.332473866000,0.001513223704,0.000432296280,0
58.400000000000,0.332785159000,0.001598936364,0.000424617815,0
58.600000000000,0.333113441000,0.001683071047,0.000416520303,0
58.800000000000,0.333458389000,0.001765544722,0.000408011738,0
59.000000000000,0.333819660000,0.001846275997,0.000399100518,0
59.200000000000,0.334196900000,0.001925185201,0.000389795439,0
59.400000000000,0.334589735000,0.002002194462,0.000380105684,0
59.600000000000,0.334997779000,0.002077227780,0.000370040817,0
59.800000000000,0.335420627000,0.002150211108,0.000359610773,0
60.000000000000,0.335857864000,0.002221072422,0.000348825846,0
60.200000000000,0.336309058000,0.002289741791,0.000337696680,0
60.400000000000,0.336773763000,0.002356151449,0.000326234259,0
60.600000000000,0.337251520000,0.002420235858,0.000314449897,0
60.800000000000,0.337741859000,0.002481931777,0.000302355222,0
61.000000000000,0.338244295000,0.002541178320,0.000289962173,0
61.200000000000,0.338758332000,0.002597917021,0.000277282980,0
61.400000000000,0.339283464000,0.002652091887,0.000264330157,0
61.600000000000,0.339819172000,0.002703649456,0.000251116485,0
61.800000000000,0.340364927000,0.002752538849,0.000237655007,0
62.000000000000,0.340920190000,0.002798711820,0.000223959005,0
62.200000000000,0.341484414000,0.002842122803,0.000210041998,0
62.400000000000,0.342057042000,0.002882728959,0.000195917718,0
62.600000000000,0.342637509000,0.002920490216,0.000181600105,0
62.800000000000,0.343225242000,0.002955369311,0.000167103288,0
63.000000000000,0.343819660000,0.002987331824,0.000152441572,0
63.200000000000,0.344420178000,0.003016346213,0.000137629426,0
63.400000000000,0.345026202000,0.003042383845,0.000122681468,0
63.600000000000,0.345637135000,0.003065419027,0.000107612447,0
63.800000000000,0.346252374000,0.003085429027,0.000092437235,0
64.000000000000,0.346871311000,0.003102394098,0.000077170807,0
64.200000000000,0.347493335000,0.003116297498,0.000061828226,0
64.400000000000,0.348117834000,0.003127125508,0.000046424634,0
64.600000000000,0.348744190000,0.003134867443,0.000030975230,0
64.800000000000,0.349371785000,0.003139515661,0.000015495260,0
65.000000000000,0.350000000000,0.003141065578,0.000000000000,0
65.200000000000,0.350628215000,0.003139515661,-0.000015495260,0
65.400000000000,0.351255810000,0.003134867443,-0.000030975230,0
65.600000000000,0.351882166000,0.003127125508,-0.000046424634,0
65.800000000000,0.352506665000,0.003116297498,-0.000061828226,0
66.000000000000,0.353128689000,0.003102394098,-0.000077170807,0
66.200000000000,0.353747626000,0.003085429027,-0.000092437235,0
66.400000000000,0.354362865000,0.003065419027,-0.000107612447,0
66.600000000000,0.354973798000,0.003042383845,-0.000122681468,0
66.800000000000,0.355579822000,0.003016346213,-0.000137629426,0
67.000000000000,0.356180340000,0.002987331824,-0.000152441572,0
67.200000000000,0.356774758000,0.002955369311,-0.000167103288,0
67.400000000000,0.357362491000,0.002920490216,-0.000181600105,0
67.600000000000,0.357942958000,0.002882728959,-0.000195917718,0
67.800000000000,0.358515586000,0.002842122803,-0.000210041998,0
68.000000000000,0.359079810000,0.002798711820,-0.000223959005,0
68.200000000000,0.359635073000,0.002752538849,-0.000237655007,0
68.400000000000,0.360180828000,0.002703649456,-0.000251116485,0
68.600000000000,0.360716536000,0.002652091887,-0.000264330157,0
68.800000000000,0.361241668000,0.002597917021,-0.000277282980,0
69.000000000000,0.361755705000,0.002541178320,-0.000289962173,0
69.200000000000,0.362258141000,0.002481931777,-0.000302355223,0
69.400000000000,0.362748480000,0.002420235858,-0.000314449897,0
69.600000000000,0.363226237000,0.002356151449,-0.000326234259,0
69.800000000000,0.363690942000,0.002289741791,-0.000337696680,0
70.000000000000,0.364142136000,0.002221072422,-0.000348825846,0
70.200000000000,0.364579373000,0.002150211108,-0.000359610773,0
70.400000000000,0.365002221000,0.002077227780,-0.000370040817,0
70.600000000000,0.365410265000,0.002002194462,-0.000380105684,0
70.800000000000,0.365803100000,0.001925185201,-0.000389795439,0
71.000000000000,0.366180340000,0.001846275997,-0.000399100518,0
71.200000000000,0.366541611000,0.001765544722,-0.000408011738,0
71.400000000000,0.366886559000,0.001683071047,-0.000416520303,0
71.600000000000,0.367214841000,0.001598936364,-0.000424617815,0
71.800000000000,0.367526134000,0.001513223704,-0.000432296280,0
72.000000000000,0.367820130000,0.001426017654,-0.000439548120,0
72.200000000000,0.368096541000,0.001337404277,-0.000446366177,0
72.400000000000,0.368355093000,0.001247471024,-0.000452743721,0
72.600000000000,0.368595530000,0.001156306648,-0.000458674457,0
72.800000000000,0.368817615000,0.001064001119,-0.000464152530,0
73.000000000000,0.369021130000,0.000970645531,-0.000469172534,0
73.200000000000,0.369205874000,0.000876332017,-0.000473729512,0
73.400000000000,0.369371663000,0.000781153654,-0.000477818967,0
73.600000000000,0.369518335000,0.000685204373,-0.000481436862,0
73.800000000000,0.369645745000,0.000588578865,-0.000484579625,0
74.000000000000,0.369753767000,0.000491372490,-0.000487244155,0
74.200000000000,0.369842294000,0.000393681180,-0.000489427820,0
74.400000000000,0.369911239000,0.000295601347,-0.000491128466,0
74.600000000000,0.369960535000,0.000197229786,-0.000492344414,0
74.800000000000,0.369990131000,0.000098663578,-0.000493074463,0
75.000000000000,0.370000000000,0.000000000000,-0.000493317893,0
75.200000000000,0.369990131000,-0.000098663578,-0.000493074463,0
75.400000000000,0.369960535000,-0.000197229786,-0.000492344414,0
75.600000000000,0.369911239000,-0.000295601347,-0.000491128466,0
75.800000000000,0.369842294000,-0.000393681180,-0.000489427820,0
76.000000000000,0.369753767000,-0.000491372490,-0.000487244155,0
76.200000000000,0.369645745000,-0.000588578865,-0.000484579625,0
76.400000000000,0.369518335000,-0.000685204373,-0.000481436862,0
76.600000000000,0.369371663000,-0.000781153654,-0.000477818967,0
76.800000000000,0.369205874000,-0.000876332017,-0.000473729512,0
77.000000000000,0.369021130000,-0.000970645531,-0.000469172534,0
77.200000000000,0.368817615000,-0.001064001119,-0.000464152530,0
77.400000000000,0.368595530000,-0.001156306648,-0.000458674457,0
77.600000000000,0.368355093000,-0.001247471024,-0.000452743721,0
77.800000000000,0.368096541000,-0.001337404277,-0.000446366177,0
78.000000000000,0.367820130000,-0.001426017654,-0.000439548120,0
78.200000000000,0.367526134000,-0.001513223704,-0.000432296280,0
78.400000000000,0.367214841000,-0.001598936364,-0.000424617815,0
78.600000000000,0.366886559000,-0.001683071047,-0.000416520303,0
78.800000000000,0.366541611000,-0.001765544722,-0.000408011738,0
79.000000000000,0.366180340000,-0.001846275997,-0.000399100518,0
79.200000000000,0.365803100000,-0.001925185201,-0.000389795439,0
79.400000000000,0.365410265000,-0.002002194462,-0.000380105684,0
79.600000000000,0.365002221000,-0.002077227780,-0.000370040817,0
79.800000000000,0.364579373000,-0.002150211108,-0.000359610773,0
80.000000000000,0.364142136000,-0.002221072422,-0.000348825846,0
80.200000000000,0.363690942000,-0.002289741791,-0.000337696680,0
80.400000000000,0.363226237000,-0.002356151449,-0.000326234259,0
80.600000000000,0.362748480000,-0.002420235858,-0.000314449897,0
80.800000000000,0.362258141000,-0.002481931777,-0.000302355222,0
81.000000000000,0.361755705000,-0.002541178320,-0.000289962173,0
81.200000000000,0.361241668000,-0.002597917021,-0.000277282980,0
81.400000000000,0.360716536000,-0.002652091887,-0.000264330157,0
81.600000000000,0.360180828000,-0.002703649456,-0.000251116485,0
81.800000000000,0.359635073000,-0.002752538849,-0.000237655007,0
82.000000000000,0.359079810000,-0.002798711820,-0.000223959005,0
82.200000000000,0.358515586000,-0.002842122803,-0.000210041998,0
82.400000000000,0.357942958000,-0.002882728959,-0.000195917718,0
82.600000000000,0.357362491000,-0.002920490216,-0.000181600105,0
82.800000000000,0.356774758000,-0.002955369311,-0.000167103288,0
83.000000000000,0.356180340000,-0.002987331824,-0.000152441572,0
83.200000000000,0.355579822000,-0.003016346213,-0.000137629426,0
83.400000000000,0.354973798000,-0.003042383845,-0.000122681468,0
83.600000000000,0.354362865000,-0.003065419027,-0.000107612447,0
83.800000000000,0.353747626000,-0.003085429027,-0.000092437235,0
84.000000000000,0.353128689000,-0.003102394098,-0.000077170807,0
84.200000000000,0.352506665000,-0.003116297498,-0.000061828226,0
84.400000000000,0.351882166000,-0.003127125508,-0.000046424634,0
84.600000000000,0.351255810000,-0.003134867443,-0.000030975230,0
84.800000000000,0.350628215000,-0.003139515661,-0.000015495260,0
85.000000000000,0.350000000000,-0.003141065578,0.000000000000,0
85.200000000000,0.349371785000,-0.003139515661,0.000015495260,0
85.400000000000,0.348744190000,-0.003134867443,0.000030975230,0
85.600000000000,0.348117834000,-0.003127125508,0.000046424634,0
85.800000000000,0.347493335000,-0.003116297498,0.000061828226,0
86.000000000000,0.346871311000,-0.003102394098,0.000077170807,0
86.200000000000,0.346252374000,-0.003085429027,0.000092437235,0
86.400000000000,0.345637135000,-0.003065419027,0.000107612447,0
86.600000000000,0.345026202000,-0.003042383845,0.000122681468,0
86.800000000000,0.344420178000,-0.003016346213,0.000137629426,0
87.000000000000,0.343819660000,-0.002987331824,0.000152441572,0
87.200000000000,0.343225242000,-0.002955369311,0.000167103288,0
87.400000000000,0.342637509000,-0.002920490216,0.000181600105,0
87.600000000000,0.342057042000,-0.002882728959,0.000195917718,0
87.800000000000,0.341484414000,-0.002842122803,0.000210041998,0
88.000000000000,0.340920190000,-0.002798711820,0.000223959005,0
88.200000000000,0.340364927000,-0.002752538849,0.000237655007,0
88.400000000000,0.339819172000,-0.002703649456,0.000251116485,0
88.600000000000,0.339283464000,-0.002652091887,0.000264330157,0
88.800000000000,0.338758332000,-0.002597917021,0.000277282980,0
89.000000000000,0.338244295000,-0.002541178320,0.000289962173,0
89.200000000000,0.337741859000,-0.002481931777,0.000302355222,0
89.400000000000,0.337251520000,-0.002420235858,0.000314449897,0
89.600000000000,0.336773763000,-0.002356151449,0.000326234259,0
89.800000000000,0.336309058000,-0.002289741791,0.000337696680,0
90.000000000000,0.335857864000,-0.002221072422,0.000348825846,0
90.200000000000,0.335420627000,-0.002150211108,0.000359610773,0
90.400000000000,0.334997779000,-0.002077227780,0.000370040817,0
90.600000000000,0.334589735000,-0.002002194462,0.000380105684,0
90.800000000000,0.334196900000,-0.001925185201,0.000389795439,0
91.000000000000,0.333819660000,-0.001846275997,0.000399100518,0
91.200000000000,0.333458389000,-0.001765544722,0.000408011738,0
91.400000000000,0.333113441000,-0.001683071047,0.000416520303,0
91.600000000000,0.332785159000,-0.001598936364,0.000424617815,0
91.800000000000,0.332473866000,-0.001513223704,0.000432296280,0
92.000000000000,0.332179870000,-0.001426017654,0.000439548120,0
92.200000000000,0.331903459000,-0.001337404277,0.000446366177,0
92.400000000000,0.331644907000,-0.001247471024,0.000452743721,0
92.600000000000,0.331404470000,-0.001156306648,0.000458674457,0
92.800000000000,0.331182385000,-0.001064001119,0.000464152530,0
93.000000000000,0.330978870000,-0.000970645531,0.000469172534,0
93.200000000000,0.330794126000,-0.000876332017,0.000473729512,0
93.400000000000,0.330628337000,-0.000781153654,0.000477818967,0
93.600000000000,0.330481665000,-0.000685204373,0.000481436862,0
93.800000000000,0.330354255000,-0.000588578865,0.000484579625,0
94.000000000000,0.330246233000,-0.000491372490,0.000487244155,0
94.200000000000,0.330157706000,-0.000393681180,0.000489427820,0
94.400000000000,0.330088761000,-0.000295601347,0.000491128466,0
94.600000000000,0.330039465000,-0.000197229786,0.000492344414,0
94.800000000000,0.330009869000,-0.000098663578,0.000493074463,0
95.000000000000,0.330000000000,0.000000000000,0.000493317893,0
95.200000000000,0.330009869000,0.000098663578,0.000493074463,0
95.400000000000,0.330039465000,0.000197229786,0.000492344414,0
95.600000000000,0.330088761000,0.000295601347,0.000491128466,0
95.800000000000,0.330157706000,0.000393681180,0.000489427820,0
96.000000000000,0.330246233000,0.000491372490,0.000487244155,0
96.200000000000,0.330354255000,0.000588578865,0.000484579625,0
96.400000000000,0.330481665000,0.000685204373,0.000481436862,0
96.600000000000,0.330628337000,0.000781153654,0.000477818967,0
96.800000000000,0.330794126000,0.000876332017,0.000473729512,0
97.000000000000,0.330978870000,0.000970645531,0.000469172534,0
97.200000000000,0.331182385000,0.001064001119,0.000464152530,0
97.400000000000,0.331404470000,0.001156306648,0.000458674457,0
97.600000000000,0.331644907000,0.001247471024,0.000452743721,0
97.800000000000,0.331903459000,0.001337404277,0.000446366177,0
98.000000000000,0.332179870000,0.001426017654,0.000439548120,0
98.200000000000,0.332473866000,0.001513223704,0.000432296280,0
98.400000000000,0.332785159000,0.001598936364,0.000424617815,0
98.600000000000,0.333113441000,0.001683071047,0.000416520303,0
98.800000000000,0.333458389000,0.001765544722,0.000408011738,0
99.000000000000,0.333819660000,0.001846275997,0.000399100518,0
99.200000000000,0.334196900000,0.001925185201,0.000389795439,0
99.400000000000,0.334589735000,0.002002194462,0.000380105684,0
99.600000000000,0.334997779000,0.002077227780,0.000370040817,0
99.800000000000,0.335420627000,0.002150211108,0.000359610773,0
100.000000000000,0.335857864000,0.002221072422,0.000348825846,0
100.200000000000,0.336309058000,0.002289741791,0.000337696680,0
100.400000000000,0.336773763000,0.002356151449,0.000326234259,0
100.600000000000,0.337251520000,0.002420235858,0.000314449897,0
100.800000000000,0.337741859000,0.002481931777,0.000302355223,0
101.000000000000,0.338244295000,0.002541178320,0.000289962173,0
101.200000000000,0.338758332000,0.002597917021,0.000277282980,0
101.400000000000,0.339283464000,0.002652091887,0.000264330157,0
101.600000000000,0.339819172000,0.002703649456,0.000251116485,0
101.800000000000,0.340364927000,0.002752538849,0.000237655007,0
102.000000000000,0.340920190000,0.002798711820,0.000223959005,0
102.200000000000,0.341484414000,0.002842122803,0.000210041998,0
102.400000000000,0.342057042000,0.002882728959,0.000195917718,0
102.600000000000,0.342637509000,0.002920490216,0.000181600105,0
102.800000000000,0.343225242000,0.002955369311,0.000167103288,0
103.000000000000,0.343819660000,0.002987331824,0.000152441572,0
103.200000000000,0.344420178000,0.003016346213,0.000137629426,0
103.400000000000,0.345026202000,0.003042383845,0.000122681468,0
103.600000000000,0.345637135000,0.003065419027,0.000107612447,0
103.800000000000,0.346252374000,0.003085429027,0.000092437235,0
104.000000000000,0.346871311000,0.003102394098,0.000077170807,0
104.200000000000,0.347493335000,0.003116297498,0.000061828226,0
104.400000000000,0.348117834000,0.003127125508,0.000046424634,0
104.600000000000,0.348744190000,0.003134867443,0.000030975230,0
104.800000000000,0.349371785000,0.003139515661,-0.003947091285,0
105.000000000000,0.350000000000,0.001556016599,-0.008133356267,0
105.200000000000,0.349994192000,-0.000113828345,-0.004794704298,0
105.400000000000,0.349954469000,-0.000361863885,-0.001615644127,0
105.600000000000,0.349849446000,-0.000760085977,-0.002333390570,0
105.800000000000,0.349650434000,-0.001295220214,-0.002985711005,0
106.000000000000,0.349331358000,-0.001954371043,-0.003574498039,0
106.200000000000,0.348868685000,-0.002725021601,-0.004101643202,0
106.400000000000,0.348241347000,-0.003595033599,-0.004569037348,0
106.600000000000,0.347430665000,-0.004552647262,-0.004978571140,0
106.800000000000,0.346420275000,-0.005586481340,-0.005332135564,0
107.000000000000,0.345196049000,-0.006685533182,-0.005631622415,0
107.200000000000,0.343746022000,-0.007839178873,-0.005878924722,0
107.400000000000,0.342060314000,-0.009037173425,-0.006075937088,0
107.600000000000,0.340131054000,-0.010269651002,-0.006224555930,0
107.800000000000,0.337952309000,-0.011527125172,-0.006326679604,0
108.000000000000,0.335520000000,-0.012800489169,-0.006384208439,0
108.200000000000,0.332831833000,-0.014081016152,-0.006399044646,0
108.400000000000,0.329887221000,-0.015360359447,-0.006373092153,0
108.600000000000,0.326687206000,-0.016630552754,-0.006308256349,0
108.800000000000,0.323234387000,-0.017884010330,-0.006206443766,0
109.000000000000,0.319532840000,-0.019113527110,-0.006069561713,0
109.200000000000,0.315588045000,-0.020312278790,-0.005899517878,0
109.400000000000,0.311406810000,-0.021473821846,-0.005698219909,0
109.600000000000,0.306997196000,-0.022592093502,-0.005467575006,0
109.800000000000,0.302368435000,-0.023661411645,-0.005209489525,0
110.000000000000,0.297530864000,-0.024676474686,-0.004925868606,0
110.200000000000,0.292495841000,-0.025632361378,-0.004618615857,0
110.400000000000,0.287275674000,-0.026524530588,-0.004289633080,0
110.600000000000,0.281883540000,-0.027348821048,-0.003940820059,0
110.800000000000,0.276333417000,-0.028101451071,-0.003574074420,0
111.000000000000,0.270640000000,-0.028779018257,-0.003191291553,0
111.200000000000,0.264818630000,-0.029378499195,-0.002794364613,0
111.400000000000,0.258885218000,-0.029897249171,-0.002385184583,0
111.600000000000,0.252856166000,-0.030333001880,-0.001965640414,0
111.800000000000,0.246748295000,-0.030683869173,-0.001537619215,0
112.000000000000,0.240578765000,-0.030948340824,-0.001103006511,0
112.200000000000,0.234365005000,-0.031125284341,-0.000663686542,0
112.400000000000,0.228124630000,-0.031213944815,-0.000221542600,0
112.600000000000,0.221875370000,-0.031213944815,0.000221542600,0
112.800000000000,0.215634995000,-0.031125284341,0.000663686542,0
113.000000000000,0.209421235000,-0.030948340824,0.001103006511,0
113.200000000000,0.203251705000,-0.030683869173,0.001537619215,0
113.400000000000,0.197143834000,-0.030333001880,0.001965640414,0
113.600000000000,0.191114782000,-0.029897249171,0.002385184583,0
113.800000000000,0.185181370000,-0.029378499195,0.002794364613,0
114.000000000000,0.179360000000,-0.028779018257,0.003191291553,0
114.200000000000,0.173666583000,-0.028101451071,0.003574074420,0
114.400000000000,0.168116460000,-0.027348821048,0.003940820059,0
114.600000000000,0.162724326000,-0.026524530588,0.004289633080,0
114.800000000000,0.157504159000,-0.025632361378,0.004618615857,0
115.000000000000,0.152469136000,-0.024676474686,0.004925868606,0
115.200000000000,0.147631565000,-0.023661411645,0.005209489525,0
115.400000000000,0.143002804000,-0.022592093502,0.005467575006,0
115.600000000000,0.138593190000,-0.021473821846,0.005698219909,0
115.800000000000,0.134411955000,-0.020312278790,0.005899517878,0
116.000000000000,0.130467160000,-0.019113527110,0.006069561713,0
116.200000000000,0.126765613000,-0.017884010330,0.006206443766,0
116.400000000000,0.123312794000,-0.016630552754,0.006308256349,0
116.600000000000,0.120112779000,-0.015360359447,0.006373092153,0
116.800000000000,0.117168167000,-0.014081016152,0.006399044646,0
117.000000000000,0.114480000000,-0.012800489169,0.006384208439,0
117.200000000000,0.112047691000,-0.011527125172,0.006326679604,0
117.400000000000,0.109868946000,-0.010269651002,0.006224555930,0
117.600000000000,0.107939686000,-0.009037173425,0.006075937088,0
117.800000000000,0.106253978000,-0.007839178873,0.005878924722,0
118.000000000000,0.104803951000,-0.006685533182,0.005631622415,0
118.200000000000,0.103579725000,-0.005586481340,0.005332135564,0
118.400000000000,0.102569335000,-0.004552647262,0.004978571140,0
118.600000000000,0.101758653000,-0.003595033599,0.004569037348,0
118.800000000000,0.101131315000,-0.002725021601,0.004101643202,0
119.000000000000,0.100668642000,-0.001954371043,0.003574498039,0
119.200000000000,0.100349566000,-0.001295220214,0.002985711005,0
119.400000000000,0.100150554000,-0.000760085977,0.002333390570,0
119.600000000000,0.100045531000,-0.000361863885,0.001615644127,0
119.800000000000,0.100005808000,-0.000113828345,0.000868359489,0
120.000000000000,0.100000000000,-0.000014520099,0.000284570864,0
120.200000000000,0.100000000000,0.000000000000,0.000036300247,0
120.400000000000,0.100000000000,0.000000000000,0.000000000000,0
120.600000000000,0.100000000000,0.000000000000,0.000000000000,0
120.800000000000,0.100000000000,0.000000000000,0.000000000000,0
121.000000000000,0.100000000000,0.000000000000,0.000000000000,0
121.200000000000,0.100000000000,0.000000000000,0.000000000000,0
121.400000000000,0.100000000000,0.000000000000,0.000000000000,0
121.600000000000,0.100000000000,0.000000000000,0.000000000000,0
121.800000000000,0.100000000000,0.000000000000,0.000000000000,0
122.000000000000,0.100000000000,0.000000000000,0.000000000000,0
122.200000000000,0.100000000000,0.000000000000,0.000000000000,0
122.400000000000,0.100000000000,0.000000000000,0.000000000000,0
122.600000000000,0.100000000000,0.000000000000,0.000000000000,0
122.800000000000,0.100000000000,0.000000000000,0.000000000000,0
123.000000000000,0.100000000000,0.000000000000,0.000000000000,0
123.200000000000,0.100000000000,0.000000000000,0.000000000000,0
123.400000000000,0.100000000000,0.000000000000,0.000000000000,0
123.600000000000,0.100000000000,0.000000000000,0.000000000000,0
123.800000000000,0.100000000000,0.000000000000,0.000000000000,0
124.000000000000,0.100000000000,0.000000000000,0.000000000000,0
124.200000000000,0.100000000000,0.000000000000,0.000000000000,0
124.400000000000,0.100000000000,0.000000000000,0.000000000000,0
124.600000000000,0.100000000000,0.000000000000,0.000000000000,0
124.800000000000,0.100000000000,0.000000000000,0.000000000000,0
125.000000000000,0.100000000000,0.000000000000,0.000000000000,0
125.200000000000,0.100000000000,0.000000000000,0.000000000000,0
125.400000000000,0.100000000000,0.000000000000,0.000000000000,0
125.600000000000,0.100000000000,0.000000000000,0.000000000000,0
125.800000000000,0.100000000000,0.000000000000,0.000000000000,0
126.000000000000,0.100000000000,0.000000000000,0.000000000000,0
126.200000000000,0.100000000000,0.000000000000,0.000000000000,0
126.400000000000,0.100000000000,0.000000000000,0.000000000000,0
126.600000000000,0.100000000000,0.000000000000,0.000000000000,0
126.800000000000,0.100000000000,0.000000000000,0.000000000000,0
127.000000000000,0.100000000000,0.000000000000,0.000000000000,0
127.200000000000,0.100000000000,0.000000000000,0.000000000000,0
127.400000000000,0.100000000000,0.000000000000,0.000000000000,0
127.600000000000,0.100000000000,0.000000000000,0.000000000000,0
127.800000000000,0.100000000000,0.000000000000,0.000000000000,0
128.000000000000,0.100000000000,0.000000000000,0.000000000000,0
128.200000000000,0.100000000000,0.000000000000,0.000000000000,0
128.400000000000,0.100000000000,0.000000000000,0.000000000000,0
128.600000000000,0.100000000000,0.000000000000,0.000000000000,0
128.800000000000,0.100000000000,0.000000000000,0.000000000000,0
129.000000000000,0.100000000000,0.000000000000,0.000000000000,0
129.200000000000,0.100000000000,0.000000000000,0.000000000000,0
129.400000000000,0.100000000000,0.000000000000,0.000000000000,0
129.600000000000,0.100000000000,0.000000000000,0.000000000000,0
129.800000000000,0.100000000000,0.000000000000,0.000000000000,0
130.000000000000,0.100000000000,0.000000000000,0.000000000000,0
