x,y,yaw
298598.099,4137885.451,-1.928320
298598.026,4137885.265,-1.959460
298597.948,4137885.081,-1.989019
298597.864,4137884.899,-2.016859
298597.775,4137884.720,-2.042865
298597.682,4137884.543,-2.066951
298597.585,4137884.368,-2.089055
298597.484,4137884.195,-2.109136
298597.380,4137884.025,-2.127172
298597.273,4137883.856,-2.143153
298597.163,4137883.688,-2.157079
298597.052,4137883.522,-2.168959
298596.938,4137883.358,-2.178802
298596.823,4137883.194,-2.186623
298596.707,4137883.031,-2.192433
298596.590,4137882.869,-2.196244
298596.473,4137882.707,-2.198062
298596.356,4137882.545,-2.197893
298596.239,4137882.383,-2.195737
298596.122,4137882.220,-2.191589
298596.006,4137882.057,-2.185443
298595.891,4137881.894,-2.177289
298595.778,4137881.729,-2.170635
298595.665,4137881.564,-2.169993
298595.552,4137881.399,-2.175394
298595.438,4137881.235,-2.184743
298595.322,4137881.072,-2.193541
298595.204,4137880.910,-2.201634
298595.086,4137880.749,-2.209024
298594.966,4137880.588,-2.215708
298594.845,4137880.429,-2.221688
298594.724,4137880.270,-2.226965
298594.601,4137880.112,-2.231538
298594.478,4137879.954,-2.235410
298594.355,4137879.797,-2.238582
298594.231,4137879.640,-2.241053
298594.106,4137879.484,-2.242826
298593.982,4137879.327,-2.243900
298593.857,4137879.171,-2.244275
298593.732,4137879.015,-2.243952
298593.608,4137878.858,-2.243014
298593.483,4137878.702,-2.242071
298593.359,4137878.545,-2.241246
298593.235,4137878.388,-2.240539
298593.110,4137878.231,-2.239950
298592.986,4137878.074,-2.239479
298592.862,4137877.917,-2.239126
298592.739,4137877.760,-2.238891
298592.615,4137877.603,-2.238775
298592.491,4137877.446,-2.238777
298592.367,4137877.289,-2.238897
298592.243,4137877.132,-2.239136
298592.119,4137876.975,-2.239492
298591.995,4137876.819,-2.239967
298591.871,4137876.662,-2.240561
298591.747,4137876.505,-2.241047
298591.622,4137876.348,-2.240281
298591.498,4137876.191,-2.238939
298591.375,4137876.034,-2.237745
298591.251,4137875.877,-2.236699
298591.127,4137875.720,-2.235801
298591.004,4137875.562,-2.235051
298590.881,4137875.405,-2.234449
298590.758,4137875.247,-2.233996
298590.635,4137875.090,-2.233690
298590.512,4137874.932,-2.233532
298590.389,4137874.774,-2.233523
298590.265,4137874.617,-2.233662
298590.142,4137874.459,-2.233948
298590.019,4137874.301,-2.234383
298589.896,4137874.144,-2.234966
298589.773,4137873.986,-2.235697
298589.649,4137873.829,-2.236583
298589.526,4137873.672,-2.237627
298589.402,4137873.515,-2.238661
298589.278,4137873.358,-2.239586
298589.154,4137873.201,-2.240402
298589.030,4137873.044,-2.241108
298588.905,4137872.887,-2.241706
298588.781,4137872.731,-2.242195
298588.656,4137872.574,-2.242575
298588.532,4137872.418,-2.242846
298588.407,4137872.261,-2.243008
298588.283,4137872.105,-2.243061
298588.158,4137871.948,-2.243004
298588.034,4137871.792,-2.242839
298587.909,4137871.635,-2.242565
298587.785,4137871.479,-2.242182
298587.660,4137871.322,-2.241692
298587.536,4137871.165,-2.241155
298587.412,4137871.009,-2.240602
298587.288,4137870.852,-2.240076
298587.164,4137870.695,-2.239588
298587.040,4137870.538,-2.239137
298586.916,4137870.381,-2.238725
298586.792,4137870.224,-2.238350
298586.668,4137870.067,-2.238014
298586.545,4137869.910,-2.237716
298586.421,4137869.753,-2.237455
298586.297,4137869.595,-2.237233
298586.174,4137869.438,-2.237048
298586.050,4137869.281,-2.236902
298585.926,4137869.124,-2.236793
298585.803,4137868.966,-2.236723
298585.679,4137868.809,-2.236690
298585.556,4137868.652,-2.236710
298585.432,4137868.495,-2.236880
298585.309,4137868.337,-2.237149
298585.185,4137868.180,-2.237403
298585.061,4137868.023,-2.237640
298584.937,4137867.866,-2.237861
298584.814,4137867.709,-2.238065
298584.690,4137867.552,-2.238253
298584.566,4137867.395,-2.238425
298584.442,4137867.237,-2.238580
298584.318,4137867.080,-2.238719
298584.195,4137866.923,-2.238841
298584.071,4137866.766,-2.238946
298583.947,4137866.609,-2.239036
298583.823,4137866.452,-2.239109
298583.699,4137866.295,-2.239165
298583.575,4137866.139,-2.239205
298583.451,4137865.982,-2.238953
298583.327,4137865.825,-2.238080
298583.203,4137865.667,-2.236873
298583.080,4137865.510,-2.235800
298582.957,4137865.353,-2.234869
298582.833,4137865.195,-2.234079
298582.710,4137865.037,-2.233431
298582.587,4137864.880,-2.232924
298582.464,4137864.722,-2.232558
298582.342,4137864.564,-2.232333
298582.219,4137864.406,-2.232249
298582.096,4137864.248,-2.232307
298581.973,4137864.091,-2.232506
298581.850,4137863.933,-2.232847
298581.727,4137863.775,-2.233328
298581.604,4137863.618,-2.233951
298581.481,4137863.460,-2.234716
298581.357,4137863.303,-2.235545
298581.234,4137863.145,-2.236279
298581.111,4137862.988,-2.236910
298580.987,4137862.831,-2.237441
298580.863,4137862.673,-2.237869
298580.739,4137862.516,-2.238197
298580.616,4137862.359,-2.238422
298580.492,4137862.202,-2.238546
298580.368,4137862.045,-2.238569
298580.244,4137861.888,-2.238490
298580.120,4137861.731,-2.238309
298579.996,4137861.574,-2.238027
298579.873,4137861.417,-2.237644
298579.749,4137861.260,-2.237158
298579.625,4137861.102,-2.236572
298579.502,4137860.945,-2.236623
298579.378,4137860.788,-2.237462
298579.255,4137860.631,-2.238193
298579.131,4137860.474,-2.238817
298579.007,4137860.317,-2.239332
298578.883,4137860.160,-2.239740
298578.759,4137860.003,-2.240040
298578.635,4137859.846,-2.240233
298578.511,4137859.689,-2.240317
298578.386,4137859.532,-2.240294
298578.262,4137859.376,-2.240163
298578.138,4137859.219,-2.239925
298578.014,4137859.062,-2.239578
298577.890,4137858.905,-2.239124
298577.766,4137858.748,-2.238562
298577.643,4137858.591,-2.237893
298577.519,4137858.434,-2.237142
298577.395,4137858.276,-2.236503
298577.272,4137858.119,-2.236014
298577.148,4137857.962,-2.235676
298577.025,4137857.804,-2.235488
298576.902,4137857.647,-2.235450
298576.778,4137857.489,-2.235563
298576.655,4137857.332,-2.235826
298576.531,4137857.175,-2.236239
298576.408,4137857.017,-2.236803
298576.284,4137856.860,-2.237517
298576.161,4137856.703,-2.238381
298576.037,4137856.546,-2.239396
298575.913,4137856.389,-2.240561
298575.788,4137856.232,-2.241877
298575.664,4137856.076,-2.243268
298575.539,4137855.920,-2.244277
298575.414,4137855.763,-2.244827
298575.290,4137855.607,-2.244918
298575.165,4137855.451,-2.244550
298575.040,4137855.294,-2.243723
298574.915,4137855.138,-2.242437
298574.791,4137854.981,-2.240693
298574.667,4137854.824,-2.238491
298574.544,4137854.667,-2.235831
298574.420,4137854.510,-2.232714
298574.298,4137854.352,-2.229142
298574.176,4137854.193,-2.225114
298574.054,4137854.034,-2.220633
298573.934,4137853.875,-2.215761
298573.814,4137853.715,-2.212106
298573.694,4137853.554,-2.210372
298573.575,4137853.394,-2.210558
298573.455,4137853.233,-2.212662
298573.335,4137853.073,-2.216689
298573.214,4137852.914,-2.222643
298573.093,4137852.756,-2.230531
298572.969,4137852.598,-2.240361
298572.844,4137852.442,-2.252137
298572.717,4137852.287,-2.265866
298572.588,4137852.135,-2.281544
298572.456,4137851.984,-2.299165
298572.322,4137851.836,-2.318709
298572.184,4137851.691,-2.339916
298572.043,4137851.549,-2.362328
298571.899,4137851.410,-2.385966
298571.752,4137851.275,-2.410859
298571.602,4137851.143,-2.437029
298571.447,4137851.016,-2.463917
298571.290,4137850.893,-2.490592
298571.129,4137850.774,-2.517065
298570.965,4137850.659,-2.543360
298570.799,4137850.548,-2.569482
298570.629,4137850.442,-2.594978
298570.457,4137850.340,-2.619646
298570.283,4137850.243,-2.643480
298570.106,4137850.149,-2.667280
298569.927,4137850.060,-2.692332
298569.745,4137849.976,-2.718692
298569.562,4137849.896,-2.746395
298569.376,4137849.822,-2.775469
298569.189,4137849.753,-2.803790
298568.999,4137849.689,-2.828598
298568.808,4137849.629,-2.849892
298568.616,4137849.574,-2.868370
298568.423,4137849.521,-2.886166
298568.229,4137849.473,-2.903438
298568.034,4137849.427,-2.920192
298567.839,4137849.385,-2.936434
298567.643,4137849.346,-2.952301
298567.446,4137849.310,-2.968543
298567.249,4137849.277,-2.985280
298567.051,4137849.247,-3.002506
298566.853,4137849.221,-3.020518
298566.654,4137849.199,-3.039864
298566.455,4137849.181,-3.060577
298566.255,4137849.167,-3.082677
298566.055,4137849.157,-3.106181
298565.855,4137849.153,-3.130198
298565.655,4137849.153,3.131859
298565.455,4137849.156,3.113947
298565.256,4137849.163,3.099111
298565.056,4137849.173,3.085294
298564.856,4137849.186,3.071781
298564.657,4137849.201,3.058572
298564.458,4137849.219,3.045664
298564.259,4137849.239,3.032973
298564.060,4137849.263,3.018009
298563.862,4137849.289,2.999594
298563.664,4137849.319,2.977738
298563.467,4137849.354,2.953039
298563.271,4137849.394,2.926913
298563.076,4137849.440,2.899376
298562.883,4137849.490,2.870373
298562.691,4137849.547,2.839861
298562.501,4137849.609,2.810341
298562.313,4137849.677,2.786784
298562.126,4137849.748,2.769326
298561.940,4137849.822,2.755548
298561.755,4137849.899,2.738074
298561.572,4137849.979,2.716355
298561.391,4137850.064,2.690352
298561.212,4137850.154,2.661842
298561.036,4137850.248,2.641981
298560.861,4137850.345,2.632686
298560.686,4137850.442,2.633925
298560.511,4137850.539,2.645404
298560.335,4137850.633,2.654315
298560.158,4137850.727,2.653647
298559.982,4137850.821,2.643376
298559.807,4137850.918,2.623443
298559.635,4137851.020,2.594868
298559.465,4137851.126,2.567328
298559.299,4137851.237,2.543175
298559.135,4137851.351,2.522419
298558.973,4137851.469,2.505046
298558.813,4137851.589,2.491029
298558.654,4137851.711,2.480337
298558.497,4137851.834,2.472943
298558.340,4137851.959,2.468829
298558.184,4137852.083,2.467938
298558.028,4137852.208,2.468137
298557.871,4137852.333,2.468313
298557.715,4137852.457,2.468465
298557.559,4137852.582,2.468593
298557.402,4137852.707,2.468697
298557.246,4137852.831,2.468777
298557.089,4137852.956,2.468833
298556.933,4137853.081,2.468864
298556.777,4137853.205,2.468872
298556.620,4137853.330,2.468856
298556.464,4137853.455,2.468815
298556.307,4137853.579,2.468711
298556.151,4137853.704,2.468511
298555.995,4137853.829,2.468217
298555.838,4137853.953,2.467833
298555.682,4137854.078,2.467522
298555.526,4137854.203,2.467353
298555.369,4137854.328,2.467326
298555.213,4137854.453,2.467441
298555.057,4137854.578,2.467698
298554.901,4137854.702,2.468097
298554.744,4137854.827,2.468639
298554.588,4137854.952,2.469322
298554.431,4137855.076,2.470148
298554.275,4137855.201,2.471116
298554.118,4137855.325,2.472202
298553.961,4137855.449,2.473230
298553.804,4137855.573,2.474160
298553.647,4137855.696,2.474993
298553.490,4137855.820,2.475730
298553.332,4137855.943,2.476369
298553.175,4137856.067,2.476912
298553.017,4137856.190,2.477358
298552.860,4137856.313,2.477707
298552.702,4137856.437,2.477960
298552.545,4137856.560,2.478115
298552.387,4137856.683,2.478174
298552.230,4137856.806,2.478136
298552.072,4137856.929,2.478001
298551.915,4137857.053,2.477769
298551.757,4137857.176,2.477458
298551.600,4137857.299,2.477174
298551.442,4137857.422,2.476935
298551.285,4137857.546,2.476740
298551.127,4137857.669,2.476590
298550.970,4137857.793,2.476484
298550.813,4137857.916,2.476422
298550.655,4137858.039,2.476400
298550.498,4137858.163,2.476388
298550.341,4137858.286,2.476382
298550.183,4137858.410,2.476383
298550.026,4137858.533,2.476391
298549.868,4137858.657,2.476404
298549.711,4137858.780,2.476424
298549.554,4137858.904,2.476451
298549.396,4137859.027,2.476481
298549.239,4137859.150,2.476507
298549.082,4137859.274,2.476526
298548.924,4137859.397,2.476538
298548.767,4137859.521,2.476545
298548.609,4137859.644,2.476545
298548.452,4137859.768,2.476538
298548.295,4137859.891,2.476526
298548.137,4137860.014,2.476507
298547.980,4137860.138,2.476482
298547.823,4137860.261,2.476450
298547.665,4137860.385,2.476412
298547.508,4137860.508,2.476368
298547.351,4137860.632,2.476318
298547.193,4137860.755,2.476261
298547.036,4137860.879,2.476203
298546.879,4137861.002,2.476161
298546.721,4137861.125,2.476136
298546.564,4137861.249,2.476128
298546.407,4137861.372,2.476137
298546.249,4137861.496,2.476164
298546.092,4137861.619,2.476207
298545.935,4137861.743,2.476267
298545.777,4137861.866,2.476344
298545.620,4137861.990,2.476438
298545.462,4137862.113,2.476549
298545.305,4137862.237,2.476677
298545.148,4137862.360,2.476823
298544.990,4137862.483,2.476959
298544.833,4137862.607,2.476918
298544.675,4137862.730,2.476739
298544.518,4137862.853,2.476575
298544.361,4137862.977,2.476430
298544.203,4137863.100,2.476306
298544.046,4137863.224,2.476202
298543.889,4137863.347,2.476117
298543.731,4137863.471,2.476053
298543.574,4137863.594,2.476008
298543.417,4137863.718,2.475984
298543.259,4137863.841,2.475980
298543.102,4137863.965,2.475995
298542.945,4137864.088,2.476031
298542.787,4137864.212,2.476086
298542.630,4137864.335,2.476162
298542.473,4137864.459,2.476258
298542.315,4137864.582,2.476362
298542.158,4137864.706,2.476456
298542.001,4137864.829,2.476538
298541.843,4137864.953,2.476609
298541.686,4137865.076,2.476668
298541.529,4137865.199,2.476715
298541.371,4137865.323,2.476751
298541.214,4137865.446,2.476776
298541.056,4137865.569,2.476789
298540.899,4137865.693,2.476790
298540.741,4137865.816,2.476780
298540.584,4137865.940,2.476758
298540.427,4137866.063,2.476725
298540.269,4137866.186,2.476680
298540.112,4137866.310,2.476624
298539.954,4137866.433,2.476565
298539.797,4137866.557,2.476512
298539.640,4137866.680,2.476467
298539.482,4137866.804,2.476428
298539.325,4137866.927,2.476397
298539.168,4137867.050,2.476372
298539.010,4137867.174,2.476354
298538.853,4137867.297,2.476344
298538.696,4137867.421,2.476340
298538.538,4137867.544,2.476343
298538.381,4137867.668,2.476353
298538.224,4137867.791,2.476370
298538.066,4137867.915,2.476394
298537.909,4137868.038,2.476425
298537.751,4137868.161,2.476463
298537.594,4137868.285,2.476500
298537.437,4137868.408,2.476530
298537.279,4137868.532,2.476552
298537.122,4137868.655,2.476567
298536.965,4137868.779,2.476574
298536.807,4137868.902,2.476573
298536.650,4137869.025,2.476564
298536.492,4137869.149,2.476548
298536.335,4137869.272,2.476516
298536.178,4137869.396,2.476449
298536.020,4137869.519,2.476348
298535.863,4137869.643,2.476212
298535.706,4137869.766,2.476040
298535.548,4137869.890,2.475834
298535.391,4137870.013,2.475593
298535.234,4137870.137,2.475363
298535.077,4137870.260,2.475174
298534.919,4137870.384,2.475026
298534.762,4137870.508,2.474918
298534.605,4137870.631,2.474850
298534.448,4137870.755,2.474824
298534.291,4137870.879,2.474837
298534.134,4137871.002,2.474892
298533.976,4137871.126,2.474987
298533.819,4137871.250,2.475123
298533.662,4137871.373,2.475299
298533.505,4137871.497,2.475516
298533.347,4137871.620,2.475774
298533.190,4137871.744,2.476072
298533.033,4137871.867,2.476403
298532.875,4137871.991,2.476506
298532.718,4137872.114,2.476258
298532.561,4137872.238,2.475908
298532.403,4137872.361,2.475589
298532.246,4137872.485,2.475303
298532.089,4137872.609,2.475050
298531.932,4137872.732,2.474828
298531.775,4137872.856,2.474639
298531.618,4137872.980,2.474482
298531.460,4137873.103,2.474357
298531.303,4137873.227,2.474265
298531.146,4137873.351,2.474205
298530.989,4137873.475,2.474177
298530.832,4137873.599,2.474181
298530.675,4137873.722,2.474218
298530.518,4137873.846,2.474286
298530.361,4137873.970,2.474387
298530.204,4137874.094,2.474498
298530.047,4137874.217,2.474609
298529.889,4137874.341,2.474722
298529.732,4137874.465,2.474836
298529.575,4137874.589,2.474950
298529.418,4137874.712,2.475066
298529.256,4137874.840,2.475183
